[
  {
    "id": "random-data-schema",
    "title": "Random Data Schema Validation",
    "description": "Validate the structure and content of the random_data.parquet file against expected schema requirements.",
    "filename": "random_data_schema_validation.py",
    "expectations": {
      "description": "Schema validation",
      "columns": {},
      "expected_row_count": {
        "min": 1,
        "max": 1000000
      }
    },
    "category": "validation",
    "dependencies": []
  },
  {
    "id": "sample-data-schema",
    "title": "Sample Data Schema Validation",
    "description": "Validate the structure and content of the sample_data.parquet file against expected schema requirements.",
    "filename": "sample_data_schema_validation.py",
    "expectations": {
      "description": "Schema validation",
      "columns": {},
      "expected_row_count": {
        "min": 1,
        "max": 1000000
      }
    },
    "category": "validation",
    "dependencies": []
  }
]