[
  {
    "id": "data-summary",
    "title": "Random Data Summary",
    "description": "Generate comprehensive summary statistics for the uploaded random_data.parquet file.",
    "filename": "random_data_summary.py",
    "category": "analysis",
    "dependencies": [
      {
        "type": "uploaded",
        "sourceId": "random_data"
      }
    ]
  },
  {
    "id": "data-visualization",
    "title": "Data Visualization",
    "description": "Create an HTML visualization report with interactive charts and data analysis.",
    "filename": "data_visualization.py",
    "category": "analysis",
    "dependencies": [
      {
        "type": "uploaded",
        "sourceId": "random_data"
      }
    ]
  },
  {
    "id": "data-cleaning",
    "title": "Data Cleaning & Preprocessing",
    "description": "Clean and preprocess the random data, handle missing values, and prepare for analysis.",
    "filename": "data_cleaning.py",
    "category": "preprocessing",
    "dependencies": [
      {
        "type": "uploaded",
        "sourceId": "random_data"
      }
    ]
  },
  {
    "id": "advanced-analysis",
    "title": "Advanced Statistical Analysis",
    "description": "Perform advanced statistical analysis on the random data including correlation analysis, hypothesis testing, and statistical modeling.",
    "filename": "advanced_analysis.py",
    "category": "analysis",
    "dependencies": [
      {
        "type": "uploaded",
        "sourceId": "random_data"
      }
    ]
  },
  {
    "id": "linear-regression",
    "title": "Linear Regression Analysis",
    "description": "Perform linear regression analysis on numeric columns in the dataset and generate prediction models.",
    "filename": "linear_regression.py",
    "category": "modeling",
    "dependencies": [
      {
        "type": "uploaded",
        "sourceId": "random_data"
      }
    ]
  },
  {
    "id": "geopandas-test",
    "title": "GeoSpatial Analysis Test",
    "description": "Test geospatial data processing capabilities using GeoPandas with sample geographic data.",
    "filename": "geopandas_test.py",
    "category": "geospatial",
    "dependencies": [
      {
        "type": "uploaded",
        "sourceId": "random_data"
      }
    ]
  },
  {
    "id": "error-test",
    "title": "Error Handling Test",
    "description": "Test script designed to demonstrate error handling and debugging capabilities in the execution environment.",
    "filename": "error_test.py",
    "category": "testing",
    "dependencies": []
  },
  {
    "id": "matplotlib-demo",
    "title": "Matplotlib Visualization Demo",
    "description": "Demonstrate matplotlib plotting capabilities with sample data generation and various chart types.",
    "filename": "matplotlib_demo.py",
    "category": "visualization",
    "dependencies": []
  }
]