[
  {
    "id": "advanced-analysis",
    "title": "Advanced Analysis Report",
    "description": "Generate an advanced analysis report using the summary data from the Random Data Summary script.",
    "filename": "advanced_analysis.py",
    "category": "analysis",
    "dependencies": []
  },
  {
    "id": "data-cleaning",
    "title": "Data Cleaning & Preprocessing",
    "description": "Clean and preprocess data by handling missing values, outliers, and data type conversions.",
    "filename": "data_cleaning.py",
    "category": "analysis",
    "dependencies": []
  },
  {
    "id": "data-summary",
    "title": "Random Data Summary",
    "description": "Generate comprehensive summary statistics for the uploaded random_data.parquet file.",
    "filename": "random_data_summary.py",
    "category": "analysis",
    "dependencies": []
  },
  {
    "id": "data-visualization",
    "title": "Data Visualization",
    "description": "Create an HTML visualization report with interactive charts and data analysis.",
    "filename": "data_visualization.py",
    "category": "analysis",
    "dependencies": []
  },
  {
    "id": "error-test",
    "title": "Error Reporting Test",
    "description": "Test script that produces output and then encounters an error to verify improved error reporting in Live Output.",
    "filename": "error_test.py",
    "category": "analysis",
    "dependencies": []
  },
  {
    "id": "geopandas-test",
    "title": "GeoPandas Test",
    "description": "Test geopandas functionality progressively to identify issues.",
    "filename": "geopandas_test.py",
    "category": "analysis",
    "dependencies": []
  },
  {
    "id": "linear-regression",
    "title": "Linear Regression Analysis",
    "description": "Generate synthetic data and perform linear regression analysis using scikit-learn with comprehensive reporting.",
    "filename": "linear_regression_analysis.py",
    "category": "analysis",
    "dependencies": []
  },
  {
    "id": "matplotlib-demo",
    "title": "Matplotlib Demo",
    "description": "Create beautiful data visualizations using matplotlib with sample data.",
    "filename": "matplotlib_demo.py",
    "category": "analysis",
    "dependencies": []
  }
]